{
  "analysis": "backbone_applicability",
  "selection_method": "frontier_prefix",
  "state_file": "/data/ziheng/backbone-first-moe/results/deepseek_trace/DeepSeek-V2-Lite~lmsys-chat-1m~64.pkl",
  "profile_state_file": "/data/ziheng/backbone-first-moe_lb/results/applicability/tmpf8lnvlit/profile_prefix_13.pkl",
  "profile_fraction": 0.2,
  "resident_policy": "profile_freq",
  "resident_profile_ratio": 0.2,
  "frontier_percentile": 1.0,
  "frontier_horizon": 14,
  "probe_fractions": [
    0.1,
    0.2,
    0.3
  ],
  "memory_ratios": [
    {
      "device_memory_ratio": 0.05,
      "cache_capacity": 238,
      "stall_top_coverage": {
        "0.1": 0.18386157048925778,
        "0.2": 0.3273272551134685,
        "0.3": 0.4559592434059101
      },
      "access_top_coverage": {
        "0.1": 0.21867096077968504,
        "0.2": 0.3650080374104925,
        "0.3": 0.48984363583223733
      },
      "top20_stall_coverage": 0.3273272551134685,
      "top20_access_coverage": 0.3650080374104925,
      "applicability": {
        "cache_capacity": 238,
        "knee_capacity": 84,
        "knee_ratio": 0.35294117647058826,
        "knee_frontier_capacity": 610,
        "knee_slack_capacity": 154,
        "knee_slack_utilization": 3.961038961038961,
        "frontier_selected_capacity": 0,
        "frontier_selected_ratio": 0.0,
        "frontier_selected_capacity_tail": 648,
        "frontier_selected_slack_capacity": 238,
        "frontier_selected_slack_utilization": 2.722689075630252,
        "frontier_horizon": 14,
        "frontier_percentile": 1.0,
        "frontier_curve": [
          648,
          648,
          648,
          648,
          647,
          646,
          645,
          645,
          645,
          644,
          643,
          642,
          641,
          640,
          639,
          639,
          638,
          638,
          637,
          637,
          637,
          636,
          636,
          636,
          635,
          635,
          635,
          635,
          635,
          634,
          633,
          633,
          633,
          632,
          631,
          630,
          630,
          630,
          630,
          629,
          628,
          627,
          627,
          627,
          626,
          626,
          626,
          626,
          626,
          625,
          625,
          624,
          623,
          623,
          622,
          621,
          621,
          620,
          620,
          620,
          620,
          620,
          619,
          618,
          617,
          617,
          616,
          616,
          615,
          614,
          614,
          614,
          614,
          614,
          613,
          613,
          612,
          612,
          612,
          612,
          611,
          611,
          611,
          611,
          610,
          610,
          609,
          608,
          608,
          608,
          607,
          607,
          606,
          605,
          604,
          603,
          602,
          602,
          602,
          602,
          601,
          600,
          599,
          598,
          597,
          596,
          596,
          596,
          596,
          595,
          595,
          595,
          595,
          594,
          594,
          594,
          594,
          593,
          592,
          591,
          591,
          591,
          590,
          589,
          588,
          587,
          586,
          585,
          584,
          583,
          582,
          582,
          582,
          582,
          582,
          581,
          580,
          580,
          580,
          579,
          578,
          577,
          577,
          577,
          576,
          575,
          575,
          575,
          575,
          575,
          575,
          574,
          573,
          572,
          571,
          570,
          570,
          569,
          569,
          569,
          569,
          569,
          568,
          567,
          567,
          567,
          567,
          567,
          567,
          567,
          566,
          565,
          564,
          564,
          564,
          564,
          563,
          562,
          561,
          560,
          560,
          559,
          558,
          557,
          557,
          557,
          557,
          556,
          555,
          555,
          554,
          554,
          553,
          553,
          553,
          553,
          553,
          552,
          552,
          552,
          552,
          552,
          552,
          552,
          551,
          550,
          549,
          548,
          547,
          546,
          545,
          545,
          544,
          544,
          544,
          543,
          542,
          541,
          541,
          541,
          541,
          541,
          541,
          540,
          539,
          538,
          537,
          536,
          535,
          535,
          535,
          535,
          535,
          535,
          535,
          534,
          534,
          533,
          532
        ]
      }
    },
    {
      "device_memory_ratio": 0.07,
      "cache_capacity": 333,
      "stall_top_coverage": {
        "0.1": 0.1796283551273228,
        "0.2": 0.3237616487788546,
        "0.3": 0.4511448819776418
      },
      "access_top_coverage": {
        "0.1": 0.21867096077968504,
        "0.2": 0.3650080374104925,
        "0.3": 0.48984363583223733
      },
      "top20_stall_coverage": 0.3237616487788546,
      "top20_access_coverage": 0.3650080374104925,
      "applicability": {
        "cache_capacity": 333,
        "knee_capacity": 126,
        "knee_ratio": 0.3783783783783784,
        "knee_frontier_capacity": 586,
        "knee_slack_capacity": 207,
        "knee_slack_utilization": 2.8309178743961354,
        "frontier_selected_capacity": 0,
        "frontier_selected_ratio": 0.0,
        "frontier_selected_capacity_tail": 648,
        "frontier_selected_slack_capacity": 333,
        "frontier_selected_slack_utilization": 1.945945945945946,
        "frontier_horizon": 14,
        "frontier_percentile": 1.0,