{
  "analysis": "backbone_applicability",
  "selection_method": "frontier_prefix",
  "state_file": "/data/ziheng/FineMoE-EuroSys26/demo/states/Qwen1.5-MoE-A2.7B-Chat~lmsys-chat-1m~64.pkl",
  "profile_state_file": "/data/ziheng/backbone-first-moe_lb/results/applicability/tmp93ytarbr/profile_prefix_13.pkl",
  "profile_fraction": 0.2,
  "resident_policy": "profile_freq",
  "resident_profile_ratio": 0.2,
  "frontier_percentile": 1.0,
  "frontier_horizon": 13,
  "probe_fractions": [
    0.1,
    0.2,
    0.3
  ],
  "memory_ratios": [
    {
      "device_memory_ratio": 0.07,
      "cache_capacity": 333,
      "stall_top_coverage": {
        "0.1": 0.20930232558139536,
        "0.2": 0.38372093023255816,
        "0.3": 0.5152057245080501
      },
      "access_top_coverage": {
        "0.1": 0.5292597187758478,
        "0.2": 0.7706523986765922,
        "0.3": 0.8788771712158809
      },
      "top20_stall_coverage": 0.38372093023255816,
      "top20_access_coverage": 0.7706523986765922,
      "applicability": {
        "cache_capacity": 333,
        "knee_capacity": 123,
        "knee_ratio": 0.36936936936936937,
        "knee_frontier_capacity": 132,
        "knee_slack_capacity": 210,
        "knee_slack_utilization": 0.6285714285714286,
        "frontier_selected_capacity": 303,
        "frontier_selected_ratio": 0.9099099099099099,
        "frontier_selected_capacity_tail": 30,
        "frontier_selected_slack_capacity": 30,
        "frontier_selected_slack_utilization": 1.0,
        "frontier_horizon": 13,
        "frontier_percentile": 1.0,
        "frontier_curve": [
          199,
          198,
          198,
          198,
          198,
          198,
          198,
          198,
          198,
          197,
          196,
          196,
          196,
          196,
          196,
          195,
          195,
          195,
          195,
          194,
          194,
          194,
          193,
          193,
          193,
          192,
          191,
          190,
          189,
          188,
          187,
          187,
          187,
          186,
          186,
          185,
          185,
          184,
          183,
          183,
          183,
          183,
          183,
          183,
          182,
          181,
          180,
          179,
          179,
          179,
          179,
          178,
          178,
          178,
          178,
          178,
          177,
          176,
          175,
          174,
          174,
          174,
          174,
          173,
          173,
          172,
          171,
          170,
          169,
          168,
          167,
          167,
          167,
          166,
          165,
          164,
          163,
          163,
          162,
          161,
          160,
          159,
          158,
          157,
          156,
          155,
          154,
          154,
          154,
          154,
          153,
          152,
          151,
          150,
          149,
          148,
          147,
          146,
          146,
          146,
          146,
          145,
          144,
          143,
          142,
          142,
          142,
          141,
          140,
          140,
          139,
          138,
          137,
          136,
          136,
          136,
          136,
          135,
          134,
          134,
          134,
          134,
          133,
          132,
          131,
          131,
          130,
          129,
          129,
          129,
          128,
          127,
          126,
          126,
          125,
          125,
          124,
          123,
          123,
          123,
          122,
          121,
          121,
          121,
          121,
          120,
          120,
          119,
          118,
          118,
          117,
          116,
          116,
          115,
          115,
          115,
          114,
          113,
          112,
          111,
          111,
          110,
          110,
          109,
          108,
          108,
          108,
          107,
          106,
          105,
          105,
          104,
          103,
          103,
          103,
          102,
          101,
          100,
          100,
          100,
          100,
          100,
          99,
          98,
          97,
          97,
          96,
          95,
          94,
          93,
          92,
          91,
          91,
          90,
          89,
          89,
          88,
          87,
          86,
          86,
          85,
          84,
          84,
          84,
          83,
          82,
          82,
          82,
          82,
          82,
          82,
          82,
          82,
          81,
          80,
          79,
          79,
          79,
          78,
          77,
          77,
          76,
          76,
          75,
          74,
          73,
          72,
          72,
          72,
          72,
          72,
          71,
          70,
          69,
          68,
          67,
          66,
          65,
          64,
          63,
          63,
          62,
          61,
          60,
          60,
          60,
          60,
          60,
          60,
          59,
          58,
          57,
          57,
          56,
          55,
          55,
          54,
          53,
          52,
          51,
          51,
          51,
          50,
          50,
          49,
          48,
          47,
          46,
          46,
          46,
          46,
          46,
          46,
          46,
          46,
          45,
          44,
          44,
          44,
          44,
          44,
          43,
          42,
          41,
          40,
          40,
          39,
          39,
          38,
          37,
          36,
          35,
          35,
          35,
          34,
          33,
          33,
          32,
          32,
          31,
          30,
          30,
          30,
          30,
          30,
          30,
          29,
          29,
          28,
          28,
          27,
          26,
          26,
          26,
          26,
          26,
          26,
          25,
          25,
          24,
          24,
          23,
          23,
          23,
          23,
          22,
          22,
          22,
          22,
          22,
          22,
          22,
          21,
          21
        ]
      }
    },
    {
      "device_memory_ratio": 0.1,
      "cache_capacity": 476,
      "stall_top_coverage": {
        "0.1": 0.16544117647058826,
        "0.2": 0.3198529411764707,
        "0.3": 0.46323529411764713
      },
      "access_top_coverage": {
        "0.1": 0.5292597187758478,
        "0.2": 0.7706523986765922,
        "0.3": 0.8788771712158809
      },
      "top20_stall_coverage": 0.3198529411764707,
      "top20_access_coverage": 0.7706523986765922,
      "applicability": {
        "cache_capacity": 476,
        "knee_capacity": 133,
        "knee_ratio": 0.27941176470588236,
        "knee_frontier_capacity": 126,
        "knee_slack_capacity": 343,
        "knee_slack_utilization": 0.3673469387755102,
        "frontier_selected_capacity": 396,
        "frontier_selected_ratio": 0.8319327731092437,
        "frontier_selected_capacity_tail": 0,
        "frontier_selected_slack_capacity": 80,
        "frontier_selected_slack_utilization": 0.0,
        "frontier_horizon": 13,
        "frontier_percentile": 1.0,